Survived,Age,SibSp,Parch,Fare,Pclass_1,Pclass_2,Pclass_3,Sex_female,Sex_male,Embarked_C,Embarked_Q,Embarked_S
0,0.275,0.125,0.0,0.014151057562208049,False,False,True,False,True,False,False,True
1,0.475,0.125,0.0,0.13913573538264068,True,False,False,True,False,True,False,False
1,0.325,0.0,0.0,0.015468569817999833,False,False,True,True,False,False,False,True
1,0.4375,0.125,0.0,0.10364429745562033,True,False,False,True,False,False,False,True
0,0.4375,0.0,0.0,0.015712553569072387,False,False,True,False,True,False,False,True
0,,0.0,0.0,0.01650950209357577,False,False,True,False,True,False,True,False
0,0.675,0.0,0.0,0.10122885832000206,True,False,False,False,True,False,False,True
0,0.025,0.375,0.16666666666666666,0.04113566043083236,False,False,True,False,True,False,False,True
1,0.3375,0.0,0.3333333333333333,0.021730754366528396,False,False,True,True,False,False,False,True
1,0.175,0.125,0.0,0.058694292654020104,False,True,False,True,False,True,False,False
1,0.05,0.125,0.16666666666666666,0.03259622914329302,False,False,True,True,False,False,False,True
1,0.725,0.0,0.0,0.051822148727810165,True,False,False,True,False,False,False,True
0,0.25,0.0,0.0,0.015712553569072387,False,False,True,False,True,False,False,True
0,0.4875,0.125,0.8333333333333334,0.06104473451835265,False,False,True,False,True,False,False,True
0,0.175,0.0,0.0,0.015330377421392339,False,False,True,True,False,False,False,True
1,0.6875,0.0,0.0,0.03122992013728673,False,True,False,True,False,False,False,True
0,0.025,0.5,0.16666666666666666,0.056848213999904744,False,False,True,False,True,False,True,False
1,,0.0,0.0,0.025374310111545468,False,True,False,False,True,False,False,True
0,0.3875,0.125,0.0,0.03513366015444757,False,False,True,True,False,False,False,True
1,,0.0,0.0,0.014102260811993537,False,False,True,True,False,True,False,False
0,0.4375,0.0,0.0,0.050748620223090936,False,True,False,False,True,False,False,True
1,0.425,0.0,0.0,0.025374310111545468,False,True,False,False,True,False,False,True
1,0.1875,0.0,0.0,0.015671954672893913,False,False,True,True,False,False,True,False
1,0.35,0.0,0.0,0.06929138530460492,True,False,False,False,True,False,False,True
0,0.1,0.375,0.16666666666666666,0.04113566043083236,False,False,True,True,False,False,False,True
1,0.475,0.125,0.8333333333333334,0.061264319894317944,False,False,True,True,False,False,False,True
0,,0.0,0.0,0.014102260811993537,False,False,True,False,True,True,False,False
0,0.2375,0.375,0.3333333333333333,0.5133418122566505,True,False,False,False,True,False,False,True
1,,0.0,0.0,0.01537917417160685,False,False,True,True,False,False,True,False
0,,0.0,0.0,0.015411575213749284,False,False,True,False,True,False,False,True
0,0.5,0.0,0.0,0.05410739813385612,True,False,False,False,True,True,False,False
1,,0.125,0.0,0.2859895551532101,True,False,False,True,False,True,False,False
1,,0.0,0.0,0.015126992566498259,False,False,True,True,False,False,True,False
0,0.825,0.0,0.0,0.020494635090094415,False,True,False,False,True,False,False,True
0,0.35,0.125,0.0,0.16038672010106,True,False,False,False,True,True,False,False
0,0.525,0.125,0.0,0.10149724044618187,True,False,False,False,True,False,False,True
1,,0.0,0.0,0.014110458666029575,False,False,True,False,True,True,False,False
0,0.2625,0.0,0.0,0.015712553569072387,False,False,True,False,True,False,False,True
0,0.225,0.25,0.0,0.03513366015444757,False,False,True,True,False,False,False,True
1,0.175,0.125,0.0,0.021942337075458514,False,False,True,True,False,True,False,False
0,0.5,0.125,0.0,0.018493968331299484,False,False,True,True,False,False,False,True
0,0.3375,0.125,0.0,0.04098927018018883,False,True,False,True,False,False,False,True
0,,0.0,0.0,0.015411575213749284,False,False,True,False,True,True,False,False
1,0.0375,0.125,0.3333333333333333,0.08115719346076702,False,True,False,True,False,True,False,False
1,0.2375,0.0,0.0,0.01537917417160685,False,False,True,True,False,False,True,False
0,,0.0,0.0,0.015712553569072387,False,False,True,False,True,False,False,True
0,,0.125,0.0,0.030253985132996517,False,False,True,False,True,False,True,False
1,,0.0,0.0,0.015126992566498259,False,False,True,True,False,False,True,False
0,,0.25,0.0,0.04231498029001666,False,False,True,False,True,True,False,False
0,0.225,0.125,0.0,0.034743286152731485,False,False,True,True,False,False,False,True
0,0.0875,0.5,0.16666666666666666,0.07746484096553544,False,False,True,False,True,False,False,True
0,0.2625,0.0,0.0,0.01522458606692728,False,False,True,False,True,False,False,True
1,0.6125,0.125,0.0,0.1497654242623688,True,False,False,True,False,True,False,False
1,0.3625,0.125,0.0,0.050748620223090936,False,True,False,True,False,False,False,True
0,0.8125,0.0,0.16666666666666666,0.1209753416358076,True,False,False,False,True,True,False,False
1,,0.0,0.0,0.06929138530460492,True,False,False,False,True,False,False,True
1,0.2625,0.0,0.0,0.020494635090094415,False,True,False,True,False,False,False,True
0,0.35625,0.0,0.0,0.014110458666029575,False,False,True,False,True,True,False,False
1,0.0625,0.125,0.3333333333333333,0.05416439273810667,False,True,False,True,False,False,False,True
0,0.1375,0.625,0.3333333333333333,0.09154270340242172,False,False,True,False,True,False,False,True
0,0.275,0.0,0.0,0.014110458666029575,False,False,True,False,True,True,False,False
1,0.475,0.0,0.0,0.15614960068643363,True,False,False,True,False,False,False,False
0,0.5625,0.125,0.0,0.16293234896625058,True,False,False,False,True,False,False,True
0,0.05,0.375,0.3333333333333333,0.05445717323939373,False,False,True,False,True,False,False,True
0,,0.0,0.0,0.05410739813385612,True,False,False,False,True,True,False,False
1,,0.125,0.16666666666666666,0.029757819776815374,False,False,True,False,True,True,False,False
1,0.3625,0.0,0.0,0.020494635090094415,False,True,False,True,False,False,False,True
0,0.2375,0.0,0.0,0.015923941091001644,False,False,True,False,True,False,False,True
1,0.2125,0.5,0.3333333333333333,0.015468569817999833,False,False,True,True,False,False,False,True
0,0.325,0.25,0.0,0.016908073949327893,False,False,True,False,True,False,False,True
0,0.4,0.0,0.0,0.020494635090094415,False,True,False,False,True,False,False,True
0,0.2,0.625,0.3333333333333333,0.09154270340242172,False,False,True,True,False,False,False,True
0,0.2625,0.0,0.0,0.1434624456306609,False,True,False,False,True,False,False,True
0,0.325,0.125,0.0,0.028212719478023115,False,False,True,False,True,True,False,False
1,0.4,0.0,0.0,0.11027245763075773,False,False,True,False,True,False,False,True
0,0.3125,0.0,0.0,0.014931805565640218,False,False,True,False,True,False,False,True
0,,0.0,0.0,0.015411575213749284,False,False,True,False,True,False,False,True
0,,0.0,0.0,0.015712553569072387,False,False,True,False,True,False,False,True
1,0.010374999999999999,0.0,0.3333333333333333,0.056604230248832196,False,True,False,False,True,False,False,True
1,0.375,0.0,0.0,0.024349578357040744,False,False,True,True,False,False,False,True
0,0.275,0.0,0.0,0.017566830077223785,False,False,True,False,True,False,False,True
1,0.3625,0.0,0.0,0.018542765081513996,False,False,True,False,True,False,False,True
1,,0.0,0.0,0.015200187691820024,False,False,True,True,False,False,True,False
0,0.35,0.0,0.0,0.09193307740413781,True,False,False,False,True,False,False,True
1,0.2125,0.0,0.0,0.020494635090094415,False,True,False,True,False,False,False,True
1,0.4125,0.375,0.0,0.030937139635999665,False,False,True,True,False,False,False,True
0,0.2,0.125,0.5,0.06709553154495196,False,False,True,False,True,False,False,True
0,,0.0,0.0,0.015712553569072387,False,False,True,False,True,False,False,True
1,0.2875,0.375,0.3333333333333333,0.5133418122566505,True,False,False,True,False,False,False,True
0,0.3,0.0,0.0,0.015712553569072387,False,False,True,False,True,False,False,True
0,0.3625,0.0,0.0,0.015712553569072387,False,False,True,False,True,False,False,True
0,0.25,0.0,0.0,0.015330377421392339,False,False,True,False,True,False,False,True
0,0.575,0.125,0.0,0.11940564777490723,True,False,False,False,True,False,False,True
0,0.325,0.125,0.3333333333333333,0.04015972542654215,False,False,True,False,True,False,False,True
0,0.7375,0.0,0.0,0.014151057562208049,False,False,True,False,True,False,False,True
0,,0.0,0.0,0.015712553569072387,False,False,True,False,True,False,False,True
0,0.8875,0.0,0.0,0.06764049365134761,True,False,False,False,True,True,False,False
1,0.2875,0.0,0.16666666666666666,0.12366716556464086,True,False,False,False,True,True,False,False
1,0.425,0.0,0.16666666666666666,0.04489301019734967,False,True,False,True,False,False,False,True
0,0.425,0.125,0.0,0.050748620223090936,False,True,False,False,True,False,False,True
0,0.35,0.0,0.0,0.015411575213749284,False,False,True,True,False,False,False,True
0,,0.0,0.0,0.015411575213749284,False,False,True,False,True,False,False,True
0,0.2625,0.0,0.16666666666666666,0.15085515328815924,True,False,False,False,True,False,False,True
0,0.4125,0.0,0.0,0.016891873428256675,False,False,True,False,True,False,False,True
0,0.4625,0.25,0.0,0.015468569817999833,False,False,True,False,True,False,False,True
0,0.35,0.0,0.0,0.015411575213749284,False,False,True,False,True,False,False,True
1,0.2625,0.0,0.0,0.014931805565640218,False,False,True,True,False,False,False,True
1,,0.0,0.0,0.015175789316712771,False,False,True,False,True,False,False,True
0,0.475,0.0,0.0,0.015411575213749284,False,False,True,False,True,False,False,True
1,,0.125,0.0,0.04713766070721715,False,False,True,True,False,False,True,False
0,0.5875,0.0,0.0,0.10149724044618187,True,False,False,False,True,False,False,True
0,0.18125,0.125,0.0,0.028212719478023115,False,False,True,True,False,True,False,False
0,0.275,0.0,0.0,0.015712553569072387,False,False,True,False,True,False,False,True
0,0.25,0.125,0.0,0.019177122834302632,False,False,True,True,False,False,False,True
0,0.2125,0.0,0.0,0.028220722145058292,False,False,True,True,False,True,False,False
0,0.2625,0.0,0.0,0.015468569817999833,False,False,True,False,True,False,False,True
0,0.88125,0.0,0.0,0.015126992566498259,False,False,True,False,True,False,True,False
0,0.3625,0.125,0.0,0.04098927018018883,False,True,False,False,True,False,False,True
0,0.3,0.0,0.16666666666666666,0.4831284260198326,True,False,False,False,True,True,False,False
0,0.025,0.5,0.3333333333333333,0.06104473451835265,False,False,True,True,False,False,False,True
0,0.2625,0.25,0.0,0.1434624456306609,False,True,False,False,True,False,False,True
0,,0.0,0.0,0.015712553569072387,False,False,True,False,True,False,False,True
0,0.40625,0.125,0.0,0.058694292654020104,False,True,False,False,True,True,False,False
1,0.40625,0.0,0.0,0.025374310111545468,False,True,False,True,False,False,False,True
0,0.675,0.0,0.16666666666666666,0.15085515328815924,True,False,False,False,True,False,False,True
1,0.15,0.125,0.0,0.021942337075458514,False,False,True,False,True,True,False,False
0,,0.0,0.0,0.015126992566498259,False,False,True,False,True,False,True,False
1,0.3,0.0,0.0,0.01393967004027879,False,False,True,False,True,False,False,True
1,,0.125,0.16666666666666666,0.04364049521284361,False,False,True,True,False,True,False,False
0,0.5625,0.0,0.0,0.013614293309848433,False,False,True,False,True,False,False,True
0,0.4125,0.0,0.0,0.015411575213749284,False,False,True,False,True,True,False,False
0,0.25,0.0,0.0,0.013760683560491965,False,False,True,False,True,False,False,True
0,0.5875,0.125,0.0,0.028302115124416098,False,False,True,True,False,False,False,True
1,0.3625,0.125,0.0,0.050748620223090936,False,True,False,True,False,False,False,True
0,0.3125,0.0,0.0,0.025374310111545468,False,True,False,False,True,False,False,True
0,0.2875,0.0,0.0,0.02936744577509929,False,True,False,False,True,True,False,False
1,0.2375,0.0,0.3333333333333333,0.051301584996521765,True,False,False,True,False,False,False,True
0,0.4625,0.125,0.0,0.10364429745562033,True,False,False,False,True,False,False,True
0,0.2,0.0,0.0,0.01798980030808316,False,False,True,False,True,False,False,True
0,0.3,0.0,0.0,0.15458810467956932,True,False,False,False,True,True,False,False
0,,0.0,0.3333333333333333,0.029757819776815374,False,False,True,True,False,True,False,False
1,0.275,0.0,0.0,0.015126992566498259,False,False,True,True,False,False,False,True
1,0.3,0.125,0.0,0.030937139635999665,False,False,True,True,False,False,False,True
0,0.2375,0.0,0.0,0.013175122557917838,False,False,True,False,True,False,True,False
0,0.225,0.0,0.0,0.022446505098674834,False,True,False,False,True,False,False,True
0,0.2375,0.125,0.16666666666666666,0.07173122281533045,False,True,False,False,True,False,False,True
1,0.3375,0.0,0.0,0.015216388212891242,False,False,True,False,True,False,False,True
0,0.1125,0.25,0.3333333333333333,0.06709553154495196,False,False,True,True,False,False,False,True
0,0.45625,0.0,0.3333333333333333,0.050748620223090936,False,True,False,False,True,False,False,True
0,0.525,0.0,0.0,0.025374310111545468,False,True,False,False,True,False,False,True
0,0.6375,0.0,0.0,0.02444717185746977,False,True,False,False,True,False,False,True
1,0.275,0.125,0.0,0.12999454257145598,True,False,False,True,False,False,False,True
0,0.69375,0.0,0.0,0.015712553569072387,False,False,True,False,True,False,False,True
0,0.50625,0.0,0.3333333333333333,0.028302115124416098,False,False,True,False,True,False,False,True
0,,0.0,0.0,0.014273049437744325,False,False,True,False,True,False,False,True
0,0.6375,0.0,0.16666666666666666,0.11980421963065935,True,False,False,False,True,True,False,False
1,0.2,0.0,0.0,0.015094396337354966,False,False,True,True,False,False,True,False
0,0.375,0.0,0.0,0.015712553569072387,False,False,True,False,True,False,False,True
0,,0.0,0.0,0.016908073949327893,False,False,True,False,True,False,False,True
0,,1.0,0.3333333333333333,0.13575255909676823,False,False,True,False,True,False,False,True
0,0.55,0.0,0.16666666666666666,0.031425107138144774,False,False,True,False,True,False,False,True
1,0.5,0.0,0.0,0.030741952635141623,False,True,False,True,False,False,False,True
0,0.325,0.0,0.0,0.015175789316712771,False,False,True,False,True,False,False,True
0,0.2125,0.0,0.0,0.016908073949327893,False,False,True,False,True,False,False,True
0,0.0125,0.5,0.16666666666666666,0.07746484096553544,False,False,True,False,True,False,False,True
1,0.1125,0.0,0.3333333333333333,0.04006213192611313,False,False,True,False,True,False,False,True
1,,0.0,0.16666666666666666,0.10735285047192313,True,False,False,True,False,False,False,True
0,0.5625,0.125,0.6666666666666666,0.05445717323939373,False,False,True,True,False,False,False,True
0,,0.0,0.0,0.050602229972447406,True,False,False,False,True,False,False,True
0,0.35,0.0,0.0,0.11027245763075773,False,False,True,False,True,False,False,True
0,0.7625,0.0,0.0,0.06538764528744409,True,False,False,False,True,False,False,True
0,0.05,0.5,0.16666666666666666,0.056848213999904744,False,False,True,False,True,False,True,False
1,0.0125,0.125,0.16666666666666666,0.021730754366528396,False,False,True,True,False,False,False,True
0,0.2625,0.0,0.0,0.015468569817999833,False,False,True,False,True,False,False,True
0,0.7,0.0,0.0,0.05991421140938287,True,False,False,False,True,True,False,False
0,0.225,0.125,0.16666666666666666,0.015330377421392339,False,False,True,False,True,False,False,True
0,,0.375,0.16666666666666666,0.04970768794751499,False,False,True,False,True,False,False,True
0,0.625,0.0,0.0,0.05604306762136532,True,False,False,True,False,True,False,False
0,0.375,0.0,0.0,0.025374310111545468,False,True,False,False,True,False,False,True
0,0.45,0.0,0.0,0.0,False,False,True,False,True,False,False,True
0,,1.0,0.3333333333333333,0.13575255909676823,False,False,True,True,False,False,False,True
0,,0.0,0.0,0.02937564362913533,False,True,False,False,True,True,False,False
0,0.1125,0.5,0.3333333333333333,0.061264319894317944,False,False,True,False,True,False,False,True
1,0.0125,0.25,0.16666666666666666,0.0761229303346364,False,True,False,False,True,False,False,True
1,0.05,0.0,0.3333333333333333,0.04298993693898376,False,False,True,True,False,False,False,True
0,,0.0,0.0,0.09759350042902103,True,False,False,False,True,False,False,True
1,,0.125,0.0,0.030253985132996517,False,False,True,True,False,False,True,False
1,0.5625,0.0,0.0,0.051822148727810165,True,False,False,False,True,False,False,True
0,0.5,0.125,0.16666666666666666,0.030253985132996517,False,False,True,False,True,False,True,False
0,0.45,0.0,0.0,0.015411575213749284,False,False,True,False,True,False,False,True
1,0.4,0.0,0.0,0.025374310111545468,False,True,False,True,False,False,False,True
0,0.2375,0.0,0.0,0.025374310111545468,False,True,False,False,True,False,False,True
1,0.2375,0.125,0.0,0.015330377421392339,False,False,True,True,False,False,False,True
1,0.0375,0.125,0.16666666666666666,0.050748620223090936,False,True,False,False,True,False,False,True
1,0.55,0.0,0.0,0.05410739813385612,True,False,False,True,False,True,False,False
1,0.725,0.0,0.0,0.2859895551532101,True,False,False,True,False,True,False,False
0,,0.0,0.0,0.015126992566498259,False,False,True,False,True,False,True,False
0,0.525,0.0,0.16666666666666666,0.01640390592611157,False,False,True,False,True,False,False,True
1,,0.0,0.0,0.015126992566498259,False,False,True,True,False,False,True,False
0,0.3,0.0,0.0,0.025374310111545468,False,True,False,True,False,False,False,True
0,0.35,0.0,0.0,0.018542765081513996,False,False,True,False,True,False,False,True
0,,1.0,0.3333333333333333,0.13575255909676823,False,False,True,False,True,False,False,True
0,0.425,0.0,0.0,0.012678957201736696,False,False,True,False,True,False,False,True
0,0.56875,0.0,0.0,0.014102260811993537,False,False,True,False,True,True,False,False
1,0.225,0.0,0.0,0.015712553569072387,False,False,True,False,True,False,False,True
0,0.025,0.0,0.16666666666666666,0.02042143996477265,False,False,True,True,False,False,False,True
0,0.4,0.125,0.0,0.030937139635999665,False,False,True,False,True,False,False,True
1,0.325,0.0,0.0,0.036670757786204655,False,False,True,False,True,True,False,False
1,0.2,0.0,0.0,0.015126992566498259,False,False,True,True,False,False,True,False
1,0.5,0.0,0.0,0.060507970265993034,True,False,False,False,True,True,False,False
0,0.3,0.0,0.0,0.013760683560491965,False,False,True,False,True,False,False,True
1,0.4375,0.0,0.0,0.04098927018018883,False,True,False,True,False,False,False,True
0,0.275,0.0,0.0,0.014151057562208049,False,False,True,False,True,False,False,True
0,0.375,0.0,0.0,0.025374310111545468,False,True,False,False,True,False,False,True
0,,0.125,0.0,0.015126992566498259,False,False,True,False,True,False,True,False
1,0.3875,0.125,0.0,0.22109807522194713,True,False,False,True,False,True,False,False
1,0.3375,0.0,0.0,0.015468569817999833,False,False,True,True,False,False,False,True
0,0.525,0.125,0.0,0.05270049023167135,False,True,False,False,True,False,False,True
1,0.4,0.0,0.0,0.14891148113361488,True,False,False,True,False,True,False,False
0,0.375,0.0,0.0,0.020494635090094415,False,True,False,False,True,False,False,True
1,0.2,0.0,0.0,0.015712553569072387,False,False,True,False,True,False,False,True
0,0.3375,0.0,0.0,0.025374310111545468,False,True,False,False,True,False,False,True
0,0.6375,0.0,0.0,0.015712553569072387,False,False,True,False,True,False,False,True
0,,0.0,0.0,0.015411575213749284,False,False,True,False,True,False,False,True
1,0.475,0.125,0.0,0.17566830077223786,True,False,False,False,True,False,False,True
0,0.275,0.0,0.0,0.01824998458022693,False,False,True,False,True,False,False,True
1,0.2375,0.0,0.0,0.020494635090094415,False,True,False,False,True,False,False,True
0,0.25625,0.0,0.0,0.014151057562208049,False,False,True,False,True,False,False,True
0,0.225,0.0,0.0,0.025374310111545468,False,True,False,False,True,False,False,True
0,,0.375,0.16666666666666666,0.04970768794751499,False,False,True,True,False,False,False,True
1,0.4375,0.125,0.0,0.16293234896625058,True,False,False,True,False,False,False,True
0,0.3625,0.0,0.0,0.015175789316712771,False,False,True,False,True,False,False,True
0,0.7375,0.0,0.0,0.026350245115835676,False,True,False,False,True,False,False,True
1,0.0625,0.5,0.3333333333333333,0.061264319894317944,False,False,True,True,False,False,False,True
0,0.3,0.0,0.0,0.020494635090094415,False,True,False,False,True,False,False,True
0,,0.0,0.0,0.014736618564782174,False,False,True,True,False,False,False,True
0,0.55,0.125,0.0,0.050748620223090936,False,True,False,False,True,False,False,True
1,0.1,0.0,0.3333333333333333,0.05123658772523604,False,True,False,True,False,False,False,True
0,0.2375,0.0,0.0,0.020494635090094415,False,True,False,False,True,False,False,True
0,0.4125,0.0,0.0,0.023959204355324663,False,True,False,False,True,False,False,True
0,,0.125,0.0,0.028212719478023115,False,False,True,True,False,True,False,False
1,,0.125,0.0,0.030253985132996517,False,False,True,True,False,False,True,False
0,0.3625,0.0,0.0,0.020494635090094415,False,True,False,False,True,False,False,True
0,0.275,0.0,0.0,0.013907073811135496,False,False,True,False,True,False,False,True
0,0.375,0.0,0.0,0.014102260811993537,False,False,True,False,True,True,False,False
0,0.55,0.25,0.0,0.17566830077223786,True,False,False,False,True,False,True,False
0,0.3125,0.0,0.0,0.015175789316712771,False,False,True,True,False,False,False,True
1,0.3,0.0,0.3333333333333333,0.028302115124416098,False,True,False,True,False,False,False,True
1,0.4625,0.125,0.16666666666666666,0.10257896680493714,True,False,False,False,True,False,False,True
0,0.675,0.125,0.0,0.050748620223090936,False,True,False,False,True,False,False,True
0,,0.0,0.0,0.014151057562208049,False,False,True,False,True,False,False,True
0,0.3625,0.125,0.16666666666666666,0.02042143996477265,False,False,True,True,False,False,False,True
0,0.775,0.0,0.0,0.051822148727810165,True,False,False,False,True,False,False,True
0,0.375,0.125,0.0,0.031425107138144774,False,False,True,False,True,False,False,True
0,0.5125,0.0,0.3333333333333333,0.039452172548431745,False,False,True,True,False,False,False,True
1,0.3625,0.0,0.3333333333333333,0.029757819776815374,False,False,True,True,False,True,False,False
1,,0.0,0.0,0.15458810467956932,True,False,False,True,False,True,False,False
1,0.375,0.0,0.0,0.16883675574220638,True,False,False,True,False,False,False,True
1,0.4375,0.0,0.0,1.0,True,False,False,True,False,True,False,False
1,0.625,0.0,0.16666666666666666,0.050748620223090936,False,True,False,True,False,False,False,True
0,,0.0,0.0,0.015126992566498259,False,False,True,False,True,False,True,False
1,0.0375,0.5,0.3333333333333333,0.061264319894317944,False,False,True,False,True,False,False,True
0,0.65,0.125,0.16666666666666666,0.1554664461834305,True,False,False,False,True,False,False,True
0,0.5,0.0,0.0,0.0,True,False,False,False,True,False,False,True
0,,0.0,0.0,0.015126992566498259,False,False,True,True,False,False,True,False
0,0.45,0.0,0.0,0.020494635090094415,False,True,False,False,True,False,False,True
0,0.2,0.5,0.16666666666666666,0.07746484096553544,False,False,True,False,True,False,False,True
1,0.3125,0.125,0.0,0.015175789316712771,False,False,True,False,True,False,False,True
1,0.725,0.0,0.16666666666666666,0.2995388511917728,True,False,False,True,False,False,False,True
1,0.4375,0.0,0.0,0.2647385704347907,True,False,False,True,False,False,False,True
0,,0.0,0.0,0.060507970265993034,True,False,False,False,True,False,False,True
1,0.3125,0.0,0.0,0.0,False,False,True,False,True,False,False,True
1,0.5125,0.0,0.16666666666666666,0.0380614651673182,False,True,False,True,False,False,False,True
0,0.4625,0.0,0.16666666666666666,0.057970539254838485,True,False,False,False,True,True,False,False
1,,0.0,0.0,0.015126992566498259,False,False,True,True,False,False,True,False
1,0.7875,0.125,0.0,0.15216446768991498,True,False,False,True,False,False,False,True
0,0.5625,0.0,0.0,0.015126992566498259,False,False,True,True,False,False,False,True
0,,0.0,0.0,0.0,False,True,False,False,True,False,False,True
0,0.0875,0.5,0.16666666666666666,0.056848213999904744,False,False,True,False,True,False,True,False
1,0.4375,0.125,0.16666666666666666,0.03952536767375352,False,False,True,True,False,False,False,True
0,0.8125,0.0,0.0,0.015126992566498259,False,False,True,False,True,False,True,False
0,0.35,0.0,0.0,0.015330377421392339,False,False,True,False,True,False,False,True
0,0.2,0.0,0.0,0.018542765081513996,False,False,True,False,True,False,False,True
1,0.2375,0.0,0.0,0.015712553569072387,False,False,True,False,True,False,False,True
0,,0.0,0.0,0.050748620223090936,True,False,False,False,True,False,False,True
0,0.4125,0.0,0.0,0.016908073949327893,False,False,True,False,True,True,False,False
1,0.375,0.0,0.0,0.018542765081513996,False,False,True,False,True,False,False,True
0,0.275,0.0,0.0,0.015411575213749284,False,False,True,False,True,False,False,True
1,0.525,0.0,0.0,0.025374310111545468,False,True,False,False,True,False,False,True
1,0.275,0.0,0.0,0.015126992566498259,False,False,True,True,False,False,True,False
1,0.325,0.0,0.0,0.15390495017656614,True,False,False,True,False,False,False,True
1,0.2375,0.125,0.0,0.17777475888549785,True,False,False,True,False,True,False,False
0,0.45,0.0,0.0,0.025130326360472913,False,True,False,False,True,True,False,False
0,0.3,0.0,0.0,0.01727404957593672,False,False,True,True,False,False,False,True
0,0.3,0.0,0.0,0.015411575213749284,False,False,True,False,True,False,False,True
0,,0.0,0.0,0.05410739813385612,True,False,False,False,True,True,False,False
0,0.29375,0.0,0.0,0.014110458666029575,False,False,True,False,True,True,False,False
0,0.025,0.125,0.3333333333333333,0.29580589980036276,True,False,False,True,False,False,False,True
1,,0.0,0.0,0.05953203526170282,True,False,False,False,True,False,False,True
1,0.625,0.0,0.16666666666666666,0.4831284260198326,True,False,False,True,False,True,False,False
1,,0.0,0.0,0.015126992566498259,False,False,True,True,False,False,True,False
1,,0.25,0.0,0.04538097769949478,False,False,True,False,True,False,True,False
0,0.2375,0.0,0.0,0.0,False,False,True,False,True,False,False,True
1,,0.0,0.0,0.024105594605968193,False,True,False,True,False,False,True,False
0,,0.0,0.0,0.015712553569072387,False,False,True,False,True,False,False,True
1,0.0115,0.125,0.3333333333333333,0.29580589980036276,True,False,False,False,True,False,False,True
1,,0.0,0.0,0.21642978772242535,True,False,False,True,False,True,False,False
1,0.2125,0.125,0.0,0.2125586439344078,True,False,False,True,False,True,False,False
0,0.375,0.125,0.0,0.04684488020593009,False,True,False,False,True,True,False,False
1,0.375,0.0,0.0,0.11111839809247648,True,False,False,True,False,True,False,False
1,0.3,0.0,0.0,0.16231419173453318,True,False,False,True,False,True,False,False
1,0.225,0.25,0.3333333333333333,0.5121218935012878,True,False,False,True,False,True,False,False
0,0.325,0.125,0.16666666666666666,0.050748620223090936,False,True,False,True,False,False,False,True
0,0.35,0.0,0.0,0.015411575213749284,False,False,True,False,True,False,False,True
0,0.5375,0.125,0.16666666666666666,0.05123658772523604,False,True,False,False,True,False,False,True
1,0.325,0.0,0.0,0.015330377421392339,False,False,True,True,False,False,False,True
1,0.3,0.125,0.0,0.050748620223090936,False,True,False,True,False,False,False,True
0,0.675,0.0,0.0,0.027326180120125887,False,True,False,False,True,False,False,True
1,0.3875,0.0,0.3333333333333333,0.32179836714362564,True,False,False,True,False,False,False,True
1,0.5,0.125,0.16666666666666666,0.2625265161540666,True,False,False,True,False,True,False,False
0,0.275,0.0,0.0,0.014151057562208049,False,False,True,False,True,False,False,True
0,0.3375,0.0,0.0,0.015411575213749284,False,False,True,False,True,False,False,True
1,0.375,0.0,0.0,0.024105594605968193,False,True,False,True,False,False,True,False
1,0.275,0.125,0.16666666666666666,0.056604230248832196,False,True,False,True,False,False,False,True
0,,1.0,0.3333333333333333,0.13575255909676823,False,False,True,False,True,False,False,True
1,0.45,0.0,0.0,0.2647385704347907,True,False,False,True,False,True,False,False
0,0.7625,0.0,0.0,0.012174789178520372,False,False,True,False,True,False,False,True
1,0.45,0.0,0.0,0.025374310111545468,False,True,False,True,False,False,False,True
1,0.3875,0.125,0.16666666666666666,0.04006213192611313,False,False,True,True,False,False,False,True
1,0.2,0.0,0.16666666666666666,0.11316786160148591,True,False,False,True,False,True,False,False
1,,0.25,0.0,0.04538097769949478,False,False,True,True,False,False,True,False
0,0.56875,0.0,0.0,0.055628295244541985,True,False,False,False,True,False,False,True
0,0.475,0.0,0.16666666666666666,0.2995388511917728,True,False,False,False,True,False,False,True
0,0.2,0.25,0.0,0.03513366015444757,False,False,True,False,True,False,False,True
1,,0.125,0.0,0.2608674266467732,True,False,False,True,False,False,False,True
0,,0.0,0.0,0.015411575213749284,False,False,True,False,True,False,False,True
0,0.3625,0.125,0.0,0.12999454257145598,True,False,False,False,True,False,False,True
1,0.5125,0.0,0.0,0.2625265161540666,True,False,False,True,False,True,False,False
1,0.5625,0.0,0.0,0.015712553569072387,False,False,True,False,True,False,False,True
0,0.5625,0.0,0.0,0.06929138530460492,True,False,False,False,True,False,False,True
1,0.025,0.125,0.16666666666666666,0.050748620223090936,False,True,False,False,True,False,False,True
1,0.3,0.375,0.3333333333333333,0.5133418122566505,True,False,False,True,False,False,False,True
0,0.35,0.0,0.0,0.025374310111545468,False,True,False,False,True,False,False,True
0,0.3125,0.0,0.0,0.025374310111545468,False,True,False,False,True,False,False,True
0,0.45,0.0,0.0,0.025374310111545468,False,True,False,False,True,False,False,True
1,0.3,0.0,0.0,0.025374310111545468,False,True,False,True,False,False,False,True
1,0.5,0.0,0.0,0.025374310111545468,False,True,False,True,False,False,False,True
1,,0.125,0.0,0.031425107138144774,False,False,True,True,False,False,False,True
1,0.0375,0.125,0.16666666666666666,0.031034733136428686,False,False,True,False,True,False,False,True
0,0.525,0.0,0.0,0.016908073949327893,False,False,True,False,True,False,False,True
0,0.2875,0.0,0.0,0.01800600082915438,False,False,True,False,True,False,False,True
0,,0.0,0.0,0.06831545030031472,True,False,False,False,True,False,False,True
0,0.1875,0.125,0.16666666666666666,0.014110458666029575,False,False,True,False,True,True,False,False
0,0.3125,0.125,0.0,0.034743286152731485,False,False,True,False,True,False,False,True
0,,0.0,0.0,0.014102260811993537,False,False,True,False,True,True,False,False
0,0.35,0.0,0.0,0.018542765081513996,False,False,True,False,True,False,False,True
1,0.275,0.0,0.16666666666666666,0.10735285047192313,True,False,False,True,False,False,False,True
0,0.475,0.0,0.0,0.025374310111545468,False,True,False,True,False,False,False,True
1,,0.0,0.0,0.01537917417160685,False,False,True,True,False,False,True,False
1,,0.0,0.0,0.01537917417160685,False,False,True,True,False,False,True,False
0,0.5,0.125,0.6666666666666666,0.05445717323939373,False,False,True,False,True,False,False,True
0,0.3625,0.125,0.0,0.05410739813385612,False,True,False,False,True,True,False,False
0,0.5625,0.0,0.16666666666666666,0.028212719478023115,False,False,True,True,False,True,False,False
0,0.4375,0.0,0.0,0.013760683560491965,False,False,True,False,True,False,False,True
0,,0.125,0.0,0.030253985132996517,False,False,True,False,True,False,True,False
0,0.375,0.0,0.0,0.014151057562208049,False,False,True,False,True,False,False,True
1,0.75,0.125,0.0,0.14687821814567664,True,False,False,True,False,True,False,False
1,,0.0,0.0,0.014110458666029575,False,False,True,True,False,True,False,False
1,,0.0,0.0,0.015126992566498259,False,False,True,True,False,False,True,False
1,0.3,0.0,0.0,0.13526459159462315,True,False,False,True,False,True,False,False
1,0.3125,0.125,0.0,0.1082149914547131,True,False,False,False,True,True,False,False
0,0.225,0.125,0.0,0.012678957201736696,False,False,True,False,True,False,False,True
0,0.2375,0.0,0.0,0.015712553569072387,False,False,True,False,True,False,False,True
0,0.275,0.0,0.0,0.2647385704347907,True,False,False,False,True,True,False,False
0,0.0375,0.375,0.16666666666666666,0.04113566043083236,False,False,True,True,False,False,False,True
1,,0.125,0.0,0.16038672010106,True,False,False,True,False,True,False,False
1,0.275,0.0,0.0,0.014151057562208049,False,False,True,True,False,False,False,True
0,0.3375,0.0,0.3333333333333333,0.41282050681475896,True,False,False,False,True,True,False,False
0,0.25,0.0,0.0,0.007831878409428937,False,False,True,False,True,True,False,False
0,0.2375,0.0,0.0,0.015175789316712771,False,False,True,False,True,False,False,True
1,0.525,0.0,0.0,0.4440992237022602,True,False,False,True,False,True,False,False
1,0.0125,0.0,0.3333333333333333,0.030725752114070404,False,False,True,True,False,True,False,False
0,0.4,0.0,0.0,0.015468569817999833,False,False,True,False,True,False,False,True
1,0.4375,0.125,0.0,0.10149724044618187,True,False,False,True,False,False,False,True
0,,0.0,0.0,0.015411575213749284,False,False,True,False,True,False,False,True
0,0.225,0.0,0.0,0.1434624456306609,False,True,False,False,True,False,False,True
0,0.0125,0.625,0.3333333333333333,0.09154270340242172,False,False,True,False,True,False,False,True
1,0.45,0.0,0.0,0.025374310111545468,False,True,False,True,False,False,False,True
0,,0.0,0.0,0.015086393670319786,False,False,True,False,True,False,True,False
1,0.2125,0.0,0.0,0.023422440102965045,False,True,False,True,False,True,False,False
1,0.45,0.125,0.3333333333333333,0.23422440102965045,True,False,False,False,True,False,False,True
1,0.2625,0.0,0.0,0.015216388212891242,False,False,True,False,True,False,False,True
0,0.35,0.25,0.0,0.015468569817999833,False,False,True,False,True,False,False,True
1,0.2875,0.125,0.0,0.22109807522194713,True,False,False,True,False,True,False,False
1,0.3,0.0,0.3333333333333333,0.03259622914329302,False,False,True,True,False,False,False,True
0,0.275,0.0,0.0,0.015216388212891242,False,False,True,False,True,False,False,True
0,0.3875,0.0,0.0,0.015330377421392339,False,False,True,True,False,False,False,True
0,0.575,0.0,0.0,0.050748620223090936,False,True,False,False,True,False,False,True
0,0.2875,0.0,0.0,0.020494635090094415,False,True,False,False,True,False,False,True
1,0.35,0.0,0.0,0.02469115560854232,False,True,False,True,False,False,False,True
1,0.4875,0.0,0.0,0.015468569817999833,False,False,True,False,True,False,False,True
0,0.325,0.0,0.0,0.015712553569072387,False,False,True,False,True,False,False,True
0,0.2625,0.125,0.0,0.019177122834302632,False,False,True,True,False,False,False,True
0,0.35,0.125,0.0,0.030937139635999665,False,False,True,False,True,False,False,True
0,0.25,0.0,0.0,0.016908073949327893,False,False,True,True,False,False,False,True
0,0.425,0.125,0.0,0.04098927018018883,False,True,False,False,True,False,False,True
0,0.6375,0.0,0.0,0.015126992566498259,False,False,True,False,True,False,False,True
1,0.0375,0.125,0.16666666666666666,0.03659756266088288,False,True,False,False,True,False,False,True
0,0.2625,0.0,0.0,0.015175789316712771,False,False,True,False,True,False,False,True
0,,0.375,0.16666666666666666,0.04970768794751499,False,False,True,True,False,False,False,True
0,,0.0,0.0,0.015411575213749284,False,False,True,False,True,False,False,True
0,,0.0,0.0,0.013386510079847098,False,False,True,False,True,False,True,False
1,0.4125,0.125,0.0,0.17566830077223786,True,False,False,True,False,False,True,False
0,,0.0,0.0,0.0,False,True,False,False,True,False,False,True
1,0.55,0.0,0.0,0.015468569817999833,False,False,True,False,True,False,False,True
0,,0.0,0.0,0.015712553569072387,False,False,True,True,False,False,False,True
1,0.425,0.125,0.16666666666666666,0.06343577527886367,False,True,False,True,False,False,False,True
1,0.225,0.0,0.3333333333333333,0.025374310111545468,False,True,False,True,False,False,False,True
0,0.375,0.0,0.0,0.025374310111545468,False,True,False,False,True,False,False,True
0,0.125,0.0,0.3333333333333333,0.04713766070721715,False,False,True,True,False,False,False,True
0,,0.0,0.0,0.015411575213749284,False,False,True,False,True,True,False,False
0,0.2625,0.0,0.0,0.015094396337354966,False,False,True,False,True,False,True,False
0,0.3625,0.0,0.0,0.015370976317570811,False,False,True,False,True,False,False,True
0,0.35,0.125,0.16666666666666666,0.028106928123558056,False,False,True,True,False,False,False,True
0,0.225,0.125,0.16666666666666666,0.039452172548431745,False,False,True,False,True,False,False,True
0,,0.0,0.0,0.014151057562208049,False,False,True,False,True,False,False,True
1,0.35,0.125,0.0,0.050748620223090936,False,True,False,True,False,False,False,True
1,0.2375,0.0,0.0,0.050748620223090936,False,True,False,True,False,False,False,True
0,,0.0,0.0,0.015126992566498259,False,False,True,False,True,False,True,False
1,0.4,0.0,0.0,0.015712553569072387,False,False,True,False,True,False,False,True
1,0.35,0.0,0.0,0.051822148727810165,True,False,False,False,True,False,False,True
1,,0.125,0.0,0.031425107138144774,False,False,True,True,False,False,False,True
1,0.525,0.125,0.0,0.050748620223090936,False,True,False,True,False,False,False,True
0,0.2125,0.0,0.0,0.013907073811135496,False,False,True,False,True,False,False,True
0,0.625,0.125,0.0,0.1091095334796455,True,False,False,False,True,False,False,True
1,0.175,0.125,0.3333333333333333,0.23422440102965045,True,False,False,True,False,False,False,True
0,0.2625,0.25,0.3333333333333333,0.06709553154495196,False,False,True,True,False,False,False,True
1,0.3,0.25,0.5,0.03659756266088288,False,True,False,True,False,False,False,True
0,0.8,0.125,0.6666666666666666,0.5133418122566505,True,False,False,False,True,False,False,True
0,0.3875,0.0,0.0,0.020494635090094415,False,True,False,False,True,False,False,True
1,0.5625,0.125,0.16666666666666666,0.05123658772523604,False,True,False,True,False,False,False,True
0,0.25,0.0,0.0,0.018542765081513996,False,False,True,False,True,False,False,True
0,0.3125,0.125,0.0,0.015175789316712771,False,False,True,False,True,False,False,True
1,0.35,0.0,0.0,0.025374310111545468,False,True,False,True,False,False,False,True
1,,0.0,0.0,0.015834545444608664,False,False,True,False,True,False,False,True
1,0.05,0.0,0.3333333333333333,0.15977676072337862,True,False,False,False,True,False,False,True
1,0.1625,0.0,0.16666666666666666,0.0380614651673182,False,True,False,True,False,False,False,True
1,0.425,0.0,0.0,0.051822148727810165,True,False,False,False,True,False,False,True
1,0.0625,0.25,0.16666666666666666,0.03758969818624431,False,False,True,True,False,True,False,False
1,0.65,0.0,0.0,0.05953203526170282,True,False,False,False,True,False,False,True
0,0.45,0.125,0.3333333333333333,0.05416439273810667,False,True,False,False,True,False,False,True
0,,0.125,0.0,0.03897240290032268,False,False,True,False,True,False,False,True
0,0.375,0.0,0.0,0.05416439273810667,True,False,False,False,True,True,False,False
1,0.6125,0.125,0.0,0.17391981561855152,True,False,False,False,True,True,False,False
0,,0.0,0.0,0.015712553569072387,False,False,True,False,True,False,False,True
1,0.3625,0.0,0.0,0.015411575213749284,False,False,True,False,True,True,False,False
0,0.8125,0.0,0.0,0.051822148727810165,True,False,False,False,True,False,False,True
1,,0.125,0.0,0.10122885832000206,True,False,False,True,False,False,False,True
1,0.625,0.0,0.0,0.020494635090094415,False,True,False,True,False,False,False,True
0,,0.0,0.0,0.015126992566498259,False,False,True,False,True,False,True,False
1,0.6,0.0,0.0,0.051822148727810165,True,False,False,False,True,False,False,True
0,0.425,0.0,0.0,0.015712553569072387,False,False,True,False,True,False,False,True
0,0.5875,0.0,0.0,0.07514699533034619,True,False,False,False,True,False,False,True
0,0.6,0.0,0.0,0.025374310111545468,False,True,False,False,True,False,False,True
0,,0.0,0.0,0.015712553569072387,False,False,True,False,True,False,False,True
0,0.475,0.0,0.0,0.013760683560491965,False,False,True,False,True,False,False,True
0,,0.0,0.0,0.0,False,True,False,False,True,False,False,True
0,0.7,0.0,0.0,0.051822148727810165,True,False,False,False,True,False,False,True
0,,0.0,0.0,0.015078195816283748,False,False,True,False,True,False,True,False
1,0.009375,0.25,0.16666666666666666,0.03758969818624431,False,False,True,True,False,True,False,False
0,,0.0,0.0,0.014151057562208049,False,False,True,False,True,False,False,True
0,0.475,0.0,0.0,0.016908073949327893,False,False,True,False,True,False,False,True
1,0.4125,0.125,0.3333333333333333,0.05416439273810667,False,True,False,True,False,False,False,True
1,0.2875,0.0,0.0,0.026919605597338588,False,True,False,True,False,True,False,False
0,0.275,0.0,0.0,0.019201521209409888,False,False,True,True,False,False,False,True
0,,0.0,0.0,0.10149724044618187,True,False,False,False,True,False,False,True
0,0.425,0.125,0.0,0.04098927018018883,False,True,False,False,True,False,False,True
0,0.3625,0.125,0.0,0.013752485706455927,False,False,True,False,True,False,False,True
0,0.275,0.0,0.0,0.014679623960531627,False,False,True,False,True,False,False,True
1,0.025,0.0,0.16666666666666666,0.023983602730431916,False,False,True,True,False,False,False,True
0,0.1125,0.625,0.3333333333333333,0.09154270340242172,False,False,True,False,True,False,False,True
0,,0.0,0.0,0.0,False,True,False,False,True,False,False,True
0,0.625,0.0,0.0,0.015712553569072387,False,False,True,False,True,False,False,True
1,0.7875,0.0,0.0,0.018713553707264782,False,False,True,True,False,False,False,True
1,0.3125,0.125,0.0,0.17777475888549785,True,False,False,False,True,True,False,False
0,,0.375,0.16666666666666666,0.04970768794751499,False,False,True,True,False,False,False,True
1,0.4375,0.125,0.0,0.17566830077223786,True,False,False,True,False,False,False,True
0,0.725,0.0,0.0,0.057970539254838485,True,False,False,False,True,True,False,False
0,0.375,0.0,0.0,0.015712553569072387,False,False,True,False,True,False,False,True
1,0.1125,0.125,0.16666666666666666,0.031034733136428686,False,False,True,False,True,False,False,True
0,,0.125,0.0,0.03897240290032268,False,False,True,False,True,False,False,True
0,0.2625,0.0,0.0,0.014151057562208049,False,False,True,False,True,False,False,True
0,0.6875,0.0,0.0,0.05953203526170282,True,False,False,False,True,False,False,True
0,0.8875,0.0,0.0,0.09662576327876685,True,False,False,False,True,True,False,False
0,0.2625,0.0,0.0,0.015712553569072387,False,False,True,False,True,False,False,True
0,,0.0,0.0,0.028220722145058292,False,False,True,False,True,True,False,False
1,0.675,0.125,0.0,0.1527664244005612,True,False,False,True,False,True,False,False
0,,0.0,0.0,0.029473237129564348,False,False,True,False,True,False,False,True
0,0.3125,0.125,0.3333333333333333,0.29580589980036276,True,False,False,True,False,False,False,True
0,0.3,0.0,0.0,0.015216388212891242,False,False,True,False,True,False,False,True
0,0.2125,0.0,0.0,0.016908073949327893,False,False,True,False,True,False,False,True
0,0.2625,0.0,0.0,0.015126992566498259,False,False,True,True,False,False,True,False
0,,0.0,0.0,0.014891206669461744,False,False,True,True,False,False,True,False
0,0.4625,0.0,0.0,0.018713553707264782,False,False,True,True,False,False,False,True
1,0.2,0.0,0.0,0.16883675574220638,True,False,False,True,False,False,False,True
0,0.225,0.125,0.0,0.2125586439344078,True,False,False,False,True,True,False,False
1,0.4125,0.0,0.3333333333333333,0.050748620223090936,False,True,False,True,False,False,False,True
1,,0.0,0.0,0.051822148727810165,True,False,False,False,True,False,False,True
0,0.35,0.0,0.0,0.04396587194327397,False,False,True,False,True,False,False,True
1,0.325,0.0,0.0,0.11027245763075773,False,False,True,False,True,False,False,True
1,0.3625,0.0,0.0,0.015126992566498259,False,False,True,False,True,False,True,False
0,,0.0,0.0,0.015712553569072387,False,False,True,False,True,False,False,True
1,0.45,0.0,0.0,0.05130978285055781,True,False,False,False,True,False,False,True
1,0.675,0.125,0.0,0.11594107850967697,True,False,False,True,False,True,False,False
0,0.3,0.0,0.0,0.014630827210317115,False,False,True,False,True,False,False,True
0,0.5875,0.0,0.0,0.06640417918791278,True,False,False,False,True,False,False,True
1,0.425,0.0,0.0,0.020494635090094415,False,True,False,True,False,False,False,True
0,,0.0,0.0,0.04713766070721715,False,False,True,False,True,False,True,False
1,0.45,0.125,0.0,0.050748620223090936,False,True,False,True,False,False,False,True
0,0.4,0.0,0.0,0.015411575213749284,False,False,True,False,True,False,False,True
1,0.375,0.0,0.0,0.18249984580226933,True,False,False,True,False,False,False,True
0,0.275,0.0,0.0,0.015411575213749284,False,False,True,False,True,False,False,True
0,,0.0,0.0,0.014102260811993537,False,False,True,False,True,True,False,False
1,0.55,0.0,0.16666666666666666,0.11316786160148591,True,False,False,True,False,True,False,False
0,,0.0,0.0,0.014110458666029575,False,False,True,False,True,True,False,False
0,0.50625,0.0,0.0,0.015126992566498259,False,False,True,False,True,False,True,False
1,0.625,0.0,0.0,0.020494635090094415,False,True,False,True,False,False,False,True
0,,0.0,0.0,0.4328841690069588,True,False,False,False,True,False,False,True
0,0.4875,0.0,0.0,0.015468569817999833,False,False,True,False,True,False,False,True
0,0.2875,0.25,0.16666666666666666,0.022446505098674834,False,True,False,False,True,False,False,True
1,0.025,0.125,0.16666666666666666,0.050748620223090936,False,True,False,True,False,False,False,True
0,,0.0,0.0,0.014110458666029575,False,False,True,False,True,True,False,False
0,0.2125,0.125,0.16666666666666666,0.014110458666029575,False,False,True,False,True,True,False,False
1,,0.0,0.3333333333333333,0.04364049521284361,False,False,True,True,False,True,False,False
0,0.375,0.0,0.0,0.016908073949327893,False,False,True,True,False,False,False,True
1,0.0875,0.0,0.3333333333333333,0.05123658772523604,False,True,False,True,False,False,False,True
0,0.5625,0.0,0.0,0.051822148727810165,True,False,False,False,True,False,False,True
1,0.375,0.0,0.0,0.20772776566317125,True,False,False,True,False,True,False,False
0,,0.0,0.0,0.028302115124416098,False,False,True,False,True,False,False,True
1,0.275,0.0,0.3333333333333333,0.09661756542473081,True,False,False,True,False,True,False,False
1,0.45,0.0,0.3333333333333333,0.13858277060920984,True,False,False,True,False,False,False,True
0,0.1125,0.5,0.3333333333333333,0.06104473451835265,False,False,True,True,False,False,False,True
0,0.1375,0.5,0.3333333333333333,0.06104473451835265,False,False,True,True,False,False,False,True
1,0.4,0.125,0.0,0.050748620223090936,False,True,False,False,True,False,False,True
0,0.625,0.125,0.0,0.20772776566317125,True,False,False,False,True,True,False,False
0,0.8,0.0,0.0,0.050748620223090936,True,False,False,False,True,False,False,True
1,0.2375,0.125,0.0,0.050748620223090936,False,True,False,True,False,False,False,True
1,,0.0,0.0,0.02705779799394608,False,True,False,False,True,True,False,False
0,0.4125,0.125,0.16666666666666666,0.04006213192611313,False,False,True,False,True,False,False,True
1,0.1,0.125,0.16666666666666666,0.07173122281533045,False,True,False,False,True,False,False,True
1,0.2125,0.0,0.3333333333333333,0.21642978772242535,True,False,False,False,True,True,False,False
0,0.3375,0.0,0.0,0.050748620223090936,False,True,False,False,True,False,False,True
0,,0.0,0.0,0.015281580671177828,False,False,True,False,True,False,True,False
1,0.275,0.0,0.0,0.014102260811993537,False,False,True,False,True,True,False,False
1,0.275,0.0,0.0,0.015175789316712771,False,False,True,True,False,False,False,True
0,0.775,0.0,0.0,0.051822148727810165,True,False,False,False,True,False,False,True
1,0.6,0.125,0.0,0.07729405233978466,True,False,False,True,False,True,False,False
0,,0.0,0.0,0.4440992237022602,True,False,False,False,True,True,False,False
1,0.4875,0.125,0.16666666666666666,0.1554664461834305,True,False,False,True,False,False,False,True
1,0.45,0.125,0.0,0.033962538149299316,False,False,True,True,False,False,False,True
0,,0.0,0.0,0.015126992566498259,False,False,True,False,True,False,True,False
0,0.5,0.0,0.0,0.015411575213749284,False,False,True,False,True,False,False,True
0,0.35,0.0,0.0,0.026350245115835676,False,True,False,False,True,False,False,True
0,,0.0,0.0,0.015712553569072387,False,False,True,False,True,False,False,True
0,,0.0,0.0,0.015712553569072387,False,False,True,True,False,False,False,True
0,0.3,0.25,0.0,0.04713766070721715,False,False,True,False,True,False,False,True
0,0.2375,0.0,0.0,0.015411575213749284,False,False,True,False,True,False,False,True
0,0.3625,0.0,0.6666666666666666,0.04113566043083236,False,False,True,True,False,False,False,True
0,,0.0,0.0,0.014110458666029575,False,False,True,False,True,True,False,False
1,0.4,0.0,0.0,0.015330377421392339,False,False,True,False,True,False,False,True
1,0.775,0.0,0.0,0.020494635090094415,False,True,False,False,True,False,False,True
1,0.6625,0.25,0.0,0.10048070654571319,True,False,False,True,False,False,False,True
1,0.45,0.0,0.0,0.051504969851415845,True,False,False,False,True,False,False,True
1,,0.0,0.0,0.015126992566498259,False,False,True,True,False,False,True,False
0,0.2,0.0,0.0,0.015712553569072387,False,False,True,False,True,False,False,True
0,0.2375,0.0,0.0,0.028302115124416098,False,False,True,False,True,False,False,True
1,0.425,0.0,0.0,0.025374310111545468,False,True,False,True,False,False,False,True
1,0.4875,0.125,0.0,0.1091095334796455,True,False,False,True,False,False,False,True
0,,0.125,0.0,0.028220722145058292,False,False,True,True,False,True,False,False
1,0.4,0.0,0.0,0.015468569817999833,False,False,True,False,True,False,False,True
1,0.3125,0.125,0.16666666666666666,0.05855610025741261,False,True,False,True,False,False,False,True
1,0.4875,0.125,0.16666666666666666,0.21642978772242535,True,False,False,True,False,True,False,False
0,0.675,0.0,0.0,0.050748620223090936,False,True,False,False,True,False,False,True
0,0.45,0.0,0.0,0.07831878409428937,True,False,False,False,True,True,False,False
0,,0.0,0.0,0.017005667449756914,False,False,True,False,True,True,False,False
1,0.225,0.0,0.3333333333333333,0.1554664461834305,True,False,False,True,False,False,False,True
0,0.5875,0.0,0.0,0.029278050128706306,False,True,False,False,True,False,False,True
1,0.75,0.125,0.16666666666666666,0.15458810467956932,True,False,False,False,True,True,False,False
0,0.275,0.0,0.0,0.015712553569072387,False,False,True,False,True,False,False,True
0,,0.0,0.0,0.015712553569072387,False,False,True,False,True,False,False,True
0,0.4375,0.0,0.0,0.013907073811135496,False,False,True,False,True,False,False,True
1,0.65,0.125,0.0,0.1527664244005612,True,False,False,True,False,True,False,False
0,0.5875,0.0,0.0,0.014151057562208049,False,False,True,False,True,False,False,True
0,,0.0,0.3333333333333333,0.015126992566498259,False,False,True,True,False,False,True,False
0,0.4625,0.125,0.0,0.050748620223090936,False,True,False,False,True,False,False,True
0,0.45,0.125,0.16666666666666666,0.04713766070721715,False,False,True,False,True,False,False,True
1,,0.0,0.0,0.06441171028315387,False,True,False,True,False,False,False,True
0,0.6125,0.0,0.0,0.0,False,False,True,False,True,False,False,True
0,,0.0,0.0,0.014102260811993537,False,False,True,False,True,True,False,False
1,0.6125,0.125,0.0,0.11111839809247648,True,False,False,False,True,True,False,False
1,0.3,0.25,0.16666666666666666,0.05270049023167135,False,True,False,True,False,False,False,True
0,,0.0,0.0,0.015411575213749284,False,False,True,False,True,False,False,True
0,,0.0,0.0,0.08275928836380983,True,False,False,False,True,False,False,True
0,0.55,0.0,0.0,0.015712553569072387,False,False,True,False,True,False,False,True
1,0.4375,0.0,0.0,0.051822148727810165,True,False,False,False,True,True,False,False
0,0.45,0.125,0.0,0.030351578633425542,False,False,True,False,True,False,False,True
0,0.375,0.0,0.0,0.015411575213749284,False,False,True,False,True,False,False,True
1,0.3375,0.0,0.0,0.05953203526170282,True,False,False,False,True,False,False,True
1,0.275,0.125,0.3333333333333333,0.08115719346076702,False,True,False,True,False,True,False,False
1,0.5,0.0,0.0,0.2995388511917728,True,False,False,True,False,False,False,True
0,0.4875,0.125,0.8333333333333334,0.06104473451835265,False,False,True,True,False,False,False,True
0,,0.0,0.0,0.013760683560491965,False,False,True,False,True,False,False,True
1,,0.125,0.0,0.030253985132996517,False,False,True,True,False,False,True,False
0,,0.0,0.0,0.015126992566498259,False,False,True,False,True,False,True,False
0,0.4375,0.0,0.0,0.015712553569072387,False,False,True,False,True,False,False,True
1,0.3,0.125,0.3333333333333333,0.12687155055772734,False,True,False,True,False,False,False,True
0,0.425,0.125,0.16666666666666666,0.028106928123558056,False,False,True,False,True,False,False,True
0,0.325,0.125,0.0,0.031425107138144774,False,False,True,True,False,False,False,True
1,0.05,0.25,0.16666666666666666,0.0761229303346364,False,True,False,True,False,False,False,True
0,0.325,0.0,0.0,0.020494635090094415,False,True,False,False,True,False,False,True
0,0.3375,0.125,0.0,0.028212719478023115,False,False,True,False,True,True,False,False
1,0.525,0.125,0.0,0.10257896680493714,True,False,False,False,True,False,False,True
1,0.25,0.125,0.16666666666666666,0.030725752114070404,False,False,True,False,True,True,False,False
0,0.2625,0.0,0.0,0.015330377421392339,False,False,True,False,True,False,False,True
0,0.2625,0.0,0.0,0.031425107138144774,False,False,True,False,True,False,False,True
0,0.7625,0.0,0.0,0.06308600017332605,True,False,False,False,True,False,False,True
0,0.7125,0.0,0.0,0.024105594605968193,False,True,False,False,True,False,True,False
1,0.2625,0.0,0.0,0.15216446768991498,True,False,False,True,False,False,False,True
0,0.325,0.0,0.0,0.015411575213749284,False,False,True,False,True,False,False,True
0,,0.0,0.0,0.015094396337354966,False,False,True,False,True,False,True,False
1,1.0,0.0,0.0,0.05855610025741261,True,False,False,False,True,False,False,True
0,0.6375,0.0,0.0,0.013768881414528002,False,False,True,False,True,False,False,True
1,0.4,0.0,0.0,0.05953203526170282,True,False,False,False,True,True,False,False
0,,0.0,0.0,0.0,True,False,False,False,True,False,False,True
0,0.1125,0.375,0.3333333333333333,0.05445717323939373,False,False,True,True,False,False,False,True
1,0.35,0.0,0.0,0.025374310111545468,False,True,False,True,False,False,False,True
0,0.4,0.0,0.0,0.015468569817999833,False,False,True,False,True,False,False,True
0,0.3875,0.125,0.16666666666666666,0.05123658772523604,False,True,False,False,True,False,False,True
0,0.5125,0.0,0.8333333333333334,0.07746484096553544,False,False,True,True,False,False,False,True
0,,0.125,0.0,0.031425107138144774,False,False,True,False,True,False,False,True
0,0.25,0.0,0.0,0.015330377421392339,False,False,True,False,True,False,False,True
1,0.3,0.0,0.0,0.13526459159462315,True,False,False,True,False,True,False,False
0,0.025,0.375,0.3333333333333333,0.05445717323939373,False,False,True,True,False,False,False,True
1,,0.0,0.0,0.11027245763075773,False,False,True,False,True,False,False,True
1,0.009375,0.25,0.16666666666666666,0.03758969818624431,False,False,True,True,False,True,False,False
1,0.6,0.125,0.0,0.1497654242623688,True,False,False,False,True,True,False,False
0,0.2375,0.0,0.0,0.015411575213749284,False,False,True,False,True,False,False,True
1,0.7,0.0,0.0,0.06929138530460492,True,False,False,False,True,True,False,False
0,,0.0,0.0,0.014736618564782174,False,False,True,False,True,False,False,True
1,0.2875,0.0,0.0,0.014736618564782174,False,False,True,True,False,False,False,True
0,,0.0,0.0,0.015411575213749284,False,False,True,False,True,False,False,True
1,0.225,0.0,0.16666666666666666,0.04489301019734967,False,True,False,True,False,False,False,True
0,0.2625,0.0,0.0,0.01646070534336126,False,False,True,False,True,False,False,True
1,,0.0,0.0,0.015281580671177828,False,False,True,True,False,False,True,False
0,0.225,0.0,0.0,0.013175122557917838,False,False,True,True,False,False,True,False
0,0.3,0.25,0.0,0.1434624456306609,False,True,False,False,True,False,False,True
0,,0.0,0.0,0.015411575213749284,False,False,True,False,True,False,False,True
0,0.4,0.125,0.16666666666666666,0.030253985132996517,False,False,True,True,False,False,True,False
0,0.2875,0.0,0.0,0.025374310111545468,False,True,False,False,True,False,False,True
0,0.725,0.0,0.3333333333333333,0.22109807522194713,True,False,False,False,True,True,False,False
1,0.625,0.25,0.0,0.2608674266467732,True,False,False,False,True,False,False,True
0,0.5,0.0,0.0,0.014102260811993537,False,False,True,False,True,True,False,False
0,0.5875,0.0,0.0,0.04994347384455151,True,False,False,False,True,False,False,True
0,0.45,0.0,0.0,0.014630827210317115,False,False,True,False,True,False,False,True
1,0.25,0.125,0.0,0.015468569817999833,False,False,True,False,True,False,False,True
0,0.4,0.25,0.0,0.1434624456306609,False,True,False,False,True,False,False,True
0,0.3125,0.0,0.0,0.025374310111545468,False,True,False,False,True,False,False,True
0,,0.0,0.0,0.015175789316712771,False,False,True,False,True,False,False,True
0,0.5375,0.0,0.0,0.015712553569072387,False,False,True,False,True,False,False,True
1,,0.125,0.0,0.10149724044618187,True,False,False,True,False,False,False,True
1,0.5,0.125,0.16666666666666666,0.0761229303346364,False,True,False,True,False,False,False,True
0,0.3875,0.125,0.0,0.10149724044618187,True,False,False,False,True,False,False,True
0,0.875,0.0,0.0,0.020494635090094415,False,True,False,False,True,False,False,True
1,0.3875,0.0,0.0,0.025374310111545468,False,True,False,False,True,False,False,True
0,,0.0,0.0,0.0,False,True,False,False,True,False,False,True
0,0.225,0.0,0.0,0.015175789316712771,False,False,True,False,True,False,False,True
0,0.30625,0.0,0.0,0.015712553569072387,False,False,True,False,True,False,False,True
1,0.225,0.0,0.0,0.019209719063445922,False,False,True,True,False,False,False,True
0,0.5375,0.125,1.0,0.09154270340242172,False,False,True,True,False,False,False,True
1,0.45,0.0,0.16666666666666666,1.0,True,False,False,False,True,True,False,False
0,,0.0,0.0,0.01588334219482317,False,False,True,True,False,False,True,False
1,0.3375,0.0,0.0,0.1497654242623688,True,False,False,False,True,True,False,False
0,0.25,0.0,0.0,0.01800600082915438,False,False,True,False,True,False,False,True
0,0.175,0.625,0.3333333333333333,0.09154270340242172,False,False,True,False,True,False,False,True
0,0.75,0.125,0.16666666666666666,0.0761229303346364,False,True,False,False,True,False,False,True
0,0.3125,0.125,0.3333333333333333,0.08115719346076702,False,True,False,False,True,True,False,False
0,0.175,0.5,0.16666666666666666,0.07746484096553544,False,False,True,False,True,False,False,True
0,0.2375,0.0,0.0,0.019852079483269742,False,False,True,False,True,False,False,True
0,0.225,0.0,0.0,0.015216388212891242,False,False,True,False,True,False,False,True
1,0.1875,0.0,0.16666666666666666,0.41250332793836464,True,False,False,True,False,False,False,True
1,0.3875,0.125,0.0,0.11125659048908397,True,False,False,False,True,False,False,True
1,0.05,0.0,0.16666666666666666,0.026187654344120927,False,False,True,True,False,True,False,False
1,,0.0,0.0,0.11027245763075773,False,False,True,False,True,False,False,True
0,0.3125,0.0,0.0,0.014102260811993537,False,False,True,False,True,True,False,False
0,0.75,0.0,0.0,0.051822148727810165,True,False,False,False,True,False,False,True
0,0.65,0.0,0.0,0.026350245115835676,False,True,False,False,True,False,False,True
0,0.55,0.0,0.0,0.015712553569072387,False,False,True,False,True,False,False,True
1,,0.0,0.0,0.015094396337354966,False,False,True,True,False,False,True,False
0,0.6125,0.125,0.16666666666666666,0.21642978772242535,True,False,False,False,True,True,False,False
0,0.525,0.0,0.0,0.014931805565640218,False,False,True,False,True,False,False,True
1,0.225,0.125,0.0,0.4440992237022602,True,False,False,True,False,True,False,False
1,0.4375,0.0,0.0,0.05130978285055781,True,False,False,False,True,False,False,True
0,0.225,0.0,0.16666666666666666,0.028212719478023115,False,False,True,True,False,True,False,False
0,0.3125,0.0,0.0,0.01511079204542704,False,False,True,False,True,False,True,False
0,0.325,0.125,0.0,0.015330377421392339,False,False,True,False,True,False,False,True
0,0.4875,0.0,0.0,0.050748620223090936,False,True,False,False,True,False,False,True
1,0.5625,0.0,0.0,0.026350245115835676,False,True,False,True,False,False,False,True
1,0.525,0.0,0.0,0.05130978285055781,True,False,False,False,True,False,False,True
1,0.275,0.0,0.0,0.29580589980036276,True,False,False,True,False,False,False,True
1,,0.125,0.16666666666666666,0.029757819776815374,False,False,True,False,True,True,False,False
1,0.3,0.0,0.0,0.09662576327876685,True,False,False,True,False,True,False,False
0,,0.0,0.0,0.051822148727810165,True,False,False,False,True,False,False,True
1,0.6,0.125,0.0,0.10149724044618187,True,False,False,False,True,False,False,True
0,0.3625,0.0,0.0,0.018510168852370702,False,False,True,False,True,False,False,True
0,0.65,0.0,0.0,0.025374310111545468,False,True,False,False,True,False,False,True
0,0.2375,0.0,0.0,0.014931805565640218,False,False,True,False,True,False,False,True
1,0.475,0.0,0.0,0.4440992237022602,True,False,False,True,False,True,False,False
1,0.3375,0.0,0.0,0.020494635090094415,False,True,False,True,False,False,False,True
0,,0.0,0.0,0.030253985132996517,False,False,True,False,True,False,True,False
0,0.4125,0.0,0.0,0.015175789316712771,False,False,True,False,True,False,False,True
1,0.075,0.0,0.16666666666666666,0.06441171028315387,False,True,False,True,False,False,False,True
0,0.2125,0.125,0.0,0.013768881414528002,False,False,True,False,True,False,False,True
0,0.425,0.0,0.0,0.025374310111545468,False,True,False,False,True,False,False,True
0,0.625,0.0,0.0,0.025374310111545468,False,True,False,False,True,False,False,True
1,0.3375,0.125,0.0,0.10364429745562033,True,False,False,False,True,False,False,True
0,0.25,0.0,0.0,0.016908073949327893,False,False,True,False,True,False,False,True
1,0.375,0.375,0.0,0.04098927018018883,False,True,False,True,False,False,False,True
1,,0.0,0.0,0.015102594191391002,False,False,True,True,False,False,True,False
0,0.3125,0.125,0.0,0.050748620223090936,False,True,False,False,True,False,False,True
0,0.3125,0.125,0.0,0.015468569817999833,False,False,True,True,False,False,False,True
1,0.3625,0.0,0.0,0.41250332793836464,True,False,False,True,False,False,False,True
0,0.1375,0.0,0.0,0.036670757786204655,False,False,True,False,True,True,False,False
0,,0.0,0.0,0.0,False,True,False,False,True,False,False,True
0,0.2875,0.0,0.0,0.025374310111545468,False,True,False,False,True,False,False,True
0,0.2875,0.0,0.0,0.025374310111545468,False,True,False,False,True,False,False,True
0,0.35625,0.0,0.0,0.031425107138144774,False,False,True,False,True,False,False,True
0,0.6,0.125,0.5,0.06709553154495196,False,False,True,True,False,False,False,True
1,0.4375,0.0,0.0,1.0,True,False,False,False,True,True,False,False
0,,0.0,0.0,0.015411575213749284,False,False,True,False,True,False,False,True
0,,0.0,0.0,0.015411575213749284,False,False,True,False,True,False,False,True
1,,0.0,0.0,0.05855610025741261,True,False,False,False,True,False,False,True
0,0.45,0.125,0.0,0.15390495017656614,True,False,False,False,True,False,False,True
1,0.2625,0.25,0.3333333333333333,0.5121218935012878,True,False,False,True,False,True,False,False
0,0.3,0.125,0.0,0.031425107138144774,False,False,True,False,True,False,False,True
1,0.3875,0.0,0.0,0.015468569817999833,False,False,True,False,True,False,False,True
0,0.875,0.125,0.16666666666666666,0.13858277060920984,True,False,False,False,True,False,False,True
0,0.2,0.125,0.16666666666666666,0.03952536767375352,False,False,True,False,True,False,False,True
1,0.375,0.0,0.0,0.025374310111545468,False,True,False,True,False,False,False,True
0,0.2375,0.125,0.0,0.10364429745562033,True,False,False,False,True,False,False,True
0,0.3875,0.0,0.0,0.015126992566498259,False,False,True,False,True,False,True,False
1,0.05,0.125,0.16666666666666666,0.04489301019734967,False,True,False,True,False,False,False,True
1,0.075,0.0,0.16666666666666666,0.024349578357040744,False,False,True,False,True,False,False,True
0,0.4125,0.0,0.0,0.018542765081513996,False,False,True,False,True,False,False,True
0,0.2875,0.0,0.0,0.015411575213749284,False,False,True,False,True,False,False,True
1,0.6,0.125,0.3333333333333333,0.12687155055772734,False,True,False,True,False,False,False,True
1,0.008375,0.125,0.16666666666666666,0.028302115124416098,False,True,False,False,True,False,False,True
0,0.35,0.0,0.0,0.015216388212891242,False,False,True,False,True,False,False,True
0,0.225,0.0,0.0,0.022446505098674834,False,True,False,False,True,False,False,True
0,0.425,0.0,0.0,0.015712553569072387,False,False,True,False,True,False,False,True
1,0.4125,0.0,0.0,0.16883675574220638,True,False,False,True,False,False,False,True
0,,0.0,0.0,0.028302115124416098,False,False,True,False,True,False,False,True
0,0.5125,0.0,0.0,0.013907073811135496,False,False,True,False,True,False,False,True
1,0.25,0.0,0.0,0.014110458666029575,False,False,True,False,True,True,False,False
1,0.45,0.125,0.3333333333333333,0.23422440102965045,True,False,False,True,False,False,False,True
0,0.2,0.0,0.0,0.015175789316712771,False,False,True,False,True,False,False,True
1,0.6375,0.125,0.0,0.15216446768991498,True,False,False,True,False,False,False,True
0,,0.0,0.0,0.07729405233978466,True,False,False,False,True,True,False,False
0,0.38125,0.0,0.0,0.015126992566498259,False,False,True,True,False,False,True,False
0,,0.125,0.0,0.04713766070721715,False,False,True,False,True,False,True,False
0,0.4,0.0,0.0,0.016322512946753766,False,False,True,False,True,False,False,True
0,0.3,0.0,0.0,0.018542765081513996,False,False,True,False,True,False,False,True
0,0.6,0.0,0.0,0.015330377421392339,False,False,True,False,True,False,False,True
0,0.7125,0.0,0.0,0.020494635090094415,False,True,False,True,False,False,False,True
0,,0.0,0.0,0.014102260811993537,False,False,True,False,True,True,False,False
1,0.675,0.125,0.5,0.04489301019734967,False,True,False,True,False,False,False,True
0,0.225,0.0,0.0,0.015126992566498259,False,False,True,False,True,False,False,True
0,,0.0,0.0,0.015126992566498259,False,False,True,False,True,False,True,False
1,0.0625,0.0,0.0,0.024349578357040744,False,False,True,True,False,False,False,True
0,,0.0,0.0,0.015102594191391002,False,False,True,False,True,False,True,False
1,0.5375,0.0,0.16666666666666666,0.41250332793836464,True,False,False,True,False,False,False,True
1,0.1625,0.0,0.0,0.014110458666029575,False,False,True,True,False,True,False,False
1,0.2125,0.125,0.0,0.11125659048908397,True,False,False,True,False,False,False,True
0,0.3625,0.0,0.0,0.05855610025741261,True,False,False,False,True,False,False,True
0,,0.125,0.3333333333333333,0.04577135170121086,False,False,True,False,True,False,False,True
0,0.3125,0.0,0.0,0.013760683560491965,False,False,True,False,True,False,False,True
0,0.3125,0.0,0.0,0.014151057562208049,False,False,True,False,True,False,False,True
1,0.225,0.0,0.0,0.014630827210317115,False,False,True,True,False,False,False,True
0,0.1,0.5,0.16666666666666666,0.056848213999904744,False,False,True,False,True,False,True,False
1,0.0125,0.125,0.3333333333333333,0.04015972542654215,False,False,True,False,True,False,False,True
0,0.575,0.0,0.0,0.15458810467956932,True,False,False,False,True,True,False,False
0,,0.0,0.0,0.015126992566498259,False,False,True,False,True,False,True,False
0,0.2,0.0,0.0,0.050748620223090936,False,True,False,False,True,False,False,True
0,,1.0,0.3333333333333333,0.13575255909676823,False,False,True,True,False,False,False,True
0,,0.0,0.0,0.05991421140938287,True,False,False,False,True,True,False,False
0,0.3125,0.0,0.0,0.015411575213749284,False,False,True,False,True,False,False,True
0,0.4875,0.0,0.0,0.025374310111545468,False,True,False,False,True,False,False,True
1,0.6125,0.0,0.0,0.050610427826483444,True,False,False,True,False,False,False,True
1,0.3875,0.0,0.0,0.016948672845506364,False,False,True,True,False,False,False,True
0,0.375,0.0,0.0,0.014110458666029575,False,False,True,False,True,True,False,False
0,0.375,0.125,0.16666666666666666,0.04713766070721715,False,False,True,True,False,False,False,True
0,0.425,0.0,0.0,0.025374310111545468,False,True,False,False,True,False,False,True
1,0.3875,0.125,0.16666666666666666,0.05123658772523604,False,True,False,True,False,False,False,True
1,0.1375,0.125,0.3333333333333333,0.23422440102965045,True,False,False,False,True,False,False,True
1,0.0052499999999999995,0.0,0.16666666666666666,0.016623491302076868,False,False,True,False,True,True,False,False
1,0.3375,0.0,0.0,0.013614293309848433,False,False,True,False,True,False,False,True
0,0.3875,0.0,0.0,0.015175789316712771,False,False,True,False,True,False,False,True
0,0.4875,0.0,0.0,0.0,True,False,False,False,True,False,False,True
0,0.225,0.0,0.0,0.015175789316712771,False,False,True,True,False,False,False,True
0,0.4875,0.0,0.0,0.025374310111545468,False,True,False,False,True,False,False,True
1,0.4125,0.125,0.0,0.10364429745562033,True,False,False,True,False,False,False,True
0,0.325,0.0,0.0,0.015395374692678068,False,False,True,False,True,False,False,True
0,0.4875,0.0,0.0,0.04713766070721715,False,False,True,False,True,False,False,True
0,0.4375,0.0,0.0,0.020494635090094415,False,True,False,False,True,False,False,True
0,0.075,0.5,0.3333333333333333,0.06104473451835265,False,False,True,True,False,False,False,True
0,0.38125,0.0,0.0,0.015712553569072387,False,False,True,False,True,False,False,True
0,,0.0,0.0,0.0,True,False,False,False,True,False,False,True
0,0.2875,0.0,0.0,0.015468569817999833,False,False,True,True,False,False,False,True
0,0.3875,0.125,0.16666666666666666,0.07222738817151159,False,True,False,False,True,True,False,False
0,0.5375,0.0,0.0,0.012589561555343713,False,False,True,False,True,False,False,True
0,0.125,0.375,0.3333333333333333,0.05445717323939373,False,False,True,False,True,False,False,True
1,0.65,0.125,0.16666666666666666,0.18249984580226933,True,False,False,True,False,False,False,True
1,0.3375,0.0,0.0,0.016908073949327893,False,False,True,False,True,False,False,True
0,0.475,0.0,0.0,0.0,True,False,False,False,True,False,False,True
1,0.3375,0.0,0.16666666666666666,0.024349578357040744,False,False,True,True,False,False,False,True
0,0.025,0.5,0.16666666666666666,0.07746484096553544,False,False,True,False,True,False,False,True
0,,0.0,0.0,0.013565496559633922,False,False,True,False,True,False,True,False
0,,0.0,0.0,0.11027245763075773,False,False,True,False,True,False,False,True
1,0.0125,0.0,0.3333333333333333,0.07222738817151159,False,True,False,False,True,True,False,False
1,,0.0,0.0,0.015126992566498259,False,False,True,False,True,False,True,False
1,0.775,0.0,0.0,0.15614960068643363,True,False,False,True,False,False,False,False
1,0.1875,0.125,0.0,0.028212719478023115,False,False,True,True,False,True,False,False
1,0.010374999999999999,0.125,0.16666666666666666,0.03659756266088288,False,True,False,False,True,False,False,True
0,,0.0,0.0,0.014110458666029575,False,False,True,False,True,True,False,False
0,0.2875,0.0,0.0,0.015330377421392339,False,False,True,False,True,False,False,True
0,0.225,0.0,0.0,0.016200521071217493,False,False,True,False,True,False,False,True
1,0.4875,0.125,0.16666666666666666,0.16231419173453318,True,False,False,True,False,True,False,False
0,0.2625,0.0,0.0,0.016908073949327893,False,False,True,False,True,False,False,True
0,,0.0,0.0,0.015712553569072387,False,False,True,False,True,False,False,True
1,0.4,0.0,0.0,0.11027245763075773,False,False,True,False,True,False,False,True
1,,0.0,0.0,0.057970539254838485,True,False,False,False,True,True,False,False
0,0.25,0.0,0.0,0.015468569817999833,False,False,True,False,True,False,False,True
0,0.2,0.0,0.0,0.020494635090094415,False,True,False,False,True,False,False,True
1,0.375,0.0,0.0,0.060507970265993034,True,False,False,True,False,True,False,False
0,0.43125,0.0,0.0,0.012565163180236457,False,False,True,False,True,True,False,False
0,0.2125,0.0,0.0,0.016908073949327893,False,False,True,False,True,False,False,True
0,0.525,0.0,0.0,0.014736618564782174,False,False,True,False,True,False,False,True
0,,1.0,0.3333333333333333,0.13575255909676823,False,False,True,False,True,False,False,True
0,0.4375,0.0,0.0,0.015411575213749284,False,False,True,False,True,True,False,False
0,0.35,0.0,0.16666666666666666,0.06441171028315387,False,True,False,False,True,False,False,True
1,,0.125,0.0,0.17391981561855152,True,False,False,True,False,True,False,False
0,0.05,0.5,0.3333333333333333,0.06104473451835265,False,False,True,False,True,False,False,True
0,0.925,0.0,0.0,0.015175789316712771,False,False,True,False,True,False,False,True
0,0.1125,0.125,0.16666666666666666,0.029757819776815374,False,False,True,True,False,True,False,False
1,0.2,0.0,0.16666666666666666,0.07690367833806856,True,False,False,True,False,False,False,True
0,0.55,0.125,0.0,0.050748620223090936,False,True,False,True,False,False,False,True
1,0.225,0.0,0.16666666666666666,0.01824998458022693,False,False,True,True,False,False,False,True
1,0.5625,0.125,0.16666666666666666,0.32179836714362564,True,False,False,True,False,False,False,True
1,0.6375,0.0,0.0,0.051822148727810165,True,False,False,False,True,False,False,True
1,0.3,0.0,0.5,0.03758969818624431,False,False,True,True,False,True,False,False
0,,0.0,0.0,0.014110458666029575,False,False,True,False,True,True,False,False
0,0.5125,0.25,0.0,0.027537567642055148,False,False,True,False,True,False,False,True
0,0.2625,0.125,0.0,0.022446505098674834,False,True,False,False,True,False,False,True
1,0.6,0.0,0.0,0.050610427826483444,True,False,False,True,False,False,False,True
0,,1.0,0.3333333333333333,0.13575255909676823,False,False,True,True,False,False,False,True
0,0.3,0.0,0.0,0.025374310111545468,False,True,False,False,True,False,False,True
1,0.525,0.0,0.0,0.025374310111545468,False,True,False,True,False,False,False,True
1,0.3375,0.125,0.0,0.027049600139910042,False,True,False,True,False,True,False,False
0,0.3875,0.0,0.0,0.09856123757927521,True,False,False,False,True,False,False,True
0,,0.0,0.0,0.018542765081513996,False,False,True,False,True,False,False,True
1,0.05,0.125,0.16666666666666666,0.021730754366528396,False,False,True,False,True,False,False,True
0,0.325,0.0,0.0,0.015411575213749284,False,False,True,False,True,False,False,True
1,0.5875,0.125,0.16666666666666666,0.10257896680493714,True,False,False,True,False,False,False,True
0,0.4125,0.0,0.0,0.009759350042902102,True,False,False,False,True,False,False,True
0,0.5875,0.0,0.0,0.017566830077223785,False,False,True,False,True,False,False,True
1,0.35,0.125,0.0,0.04684488020593009,False,True,False,True,False,True,False,False
1,0.1875,0.0,0.0,0.014102260811993537,False,False,True,True,False,True,False,False
0,0.25,0.0,0.0,0.019217721730481106,False,False,True,False,True,False,False,True
0,0.2375,0.0,0.0,0.015411575213749284,False,False,True,False,True,False,False,True
0,,0.0,0.0,0.015411575213749284,False,False,True,False,True,False,False,True
1,0.7,0.0,0.16666666666666666,0.16231419173453318,True,False,False,True,False,True,False,False
1,0.3125,0.0,0.16666666666666666,0.050748620223090936,False,True,False,True,False,False,False,True
0,0.4125,0.0,0.0,0.015411575213749284,False,False,True,False,True,False,False,True
0,0.275,0.0,0.0,0.02052723131923771,False,False,True,True,False,False,False,True
0,0.35,0.0,0.0,0.020494635090094415,False,True,False,False,True,False,False,True
0,0.3125,0.0,0.0,0.013760683560491965,False,False,True,False,True,False,False,True
0,0.4875,0.0,0.8333333333333334,0.056848213999904744,False,False,True,True,False,False,True,False
0,0.3375,0.0,0.0,0.025374310111545468,False,True,False,False,True,False,False,True
1,0.2375,0.0,0.0,0.05855610025741261,True,False,False,True,False,False,False,True
0,,0.125,0.3333333333333333,0.04577135170121086,False,False,True,True,False,False,False,True
1,0.325,0.0,0.0,0.05855610025741261,True,False,False,False,True,True,False,False
0,0.4,0.0,0.0,0.015126992566498259,False,False,True,False,True,False,True,False
